runStatus,41000,uint16_t,system_status
commStatus,41001,uint16_t,system_status
calibStatus,41002,uint16_t,system_status
configStatus,41003,uint16_t,system_status
productNum,41004,uint32_t,system_status
deviceName,41006,char[16],system_status
serial,41014,char[16],system_status
hardwareVer,41022,char[16],system_status
softwareVer,41030,char[16],system_status
newStructFlg,41038,uint16_t,system_status
measureTarget,41039,uint16_t,system_status
modbusAddr,42000,uint16_t,comm_settings
modbusDatabits,42001,uint16_t,comm_settings
modbusParity,42002,uint16_t,comm_settings
modbusBaud,42003,uint32_t,comm_settings
sampleCycle,43000,uint16_t,measure_settings
measureRange,43001,float,measure_settings
measureRange2,43003,float,measure_settings
command,43005,uint16_t,measure_settings
tecPowerNow,46000,float,measure_values
temperature1,46002,float,measure_values
temperature2,46004,float,measure_values
IN_FAN_RATE,48000,float,rsvd_param
OUT_FAN_RATE,48002,float,rsvd_param
PID_P,48004,float,rsvd_param
PID_I,48006,float,rsvd_param
PID_D,48008,float,rsvd_param
setTemperature,48010,float,rsvd_param
tecPowerNow,48012,float,rsvd_param
tecBias,48014,float,rsvd_param
temperature1,48016,float,rsvd_param
temperature2,48018,float,rsvd_param
command,48020,uint16_t,rsvd_param
LED1,48021,uint16_t,rsvd_param
LED2,48022,uint16_t,rsvd_param
LED3,48023,uint16_t,rsvd_param
LED4,48024,uint16_t,rsvd_param
tempStatus,48025,uint16_t,rsvd_param
rsvd1,48026,uint16_t,rsvd_param
